
[
  {
    "name": "theme_info",
    "theme_name": "GlowVolt",
    "theme_version": "1.0.0",
    "theme_author": "Your Name",
    "theme_documentation_url": "",
    "theme_support_url": ""
  },
  {
    "name": "Colors",
    "settings": [
      {
        "type": "header",
        "content": "Light Mode"
      },
      {
        "type": "color",
        "id": "background_color",
        "label": "Background",
        "default": "#FFFAF0"
      },
      {
        "type": "color",
        "id": "text_color",
        "label": "Text",
        "default": "#1A1F2C"
      },
      {
        "type": "color",
        "id": "primary_color",
        "label": "Primary Color",
        "default": "#1A1F2C"
      },
      {
        "type": "color",
        "id": "secondary_color",
        "label": "Secondary Color",
        "default": "#F8F7F4"
      },
      {
        "type": "color",
        "id": "accent_color",
        "label": "Accent Color",
        "default": "#4F46E5"
      },
      {
        "type": "header",
        "content": "Dark Mode"
      },
      {
        "type": "color",
        "id": "dark_background_color",
        "label": "Background",
        "default": "#000000"
      },
      {
        "type": "color",
        "id": "dark_text_color",
        "label": "Text",
        "default": "#F8F9FA"
      },
      {
        "type": "color",
        "id": "dark_primary_color",
        "label": "Primary Color",
        "default": "#F8F9FA"
      },
      {
        "type": "color",
        "id": "dark_secondary_color",
        "label": "Secondary Color",
        "default": "#121212"
      },
      {
        "type": "color",
        "id": "dark_accent_color",
        "label": "Accent Color",
        "default": "#818CF8"
      }
    ]
  },
  {
    "name": "Typography",
    "settings": [
      {
        "type": "header",
        "content": "Headings"
      },
      {
        "type": "font_picker",
        "id": "heading_font",
        "label": "Font",
        "default": "sans-serif"
      },
      {
        "type": "header",
        "content": "Body Text"
      },
      {
        "type": "font_picker",
        "id": "body_font",
        "label": "Font",
        "default": "sans-serif"
      }
    ]
  },
  {
    "name": "Social Media",
    "settings": [
      {
        "type": "header",
        "content": "Social Links"
      },
      {
        "type": "text",
        "id": "social_facebook",
        "label": "Facebook",
        "info": "https://facebook.com/yourusername"
      },
      {
        "type": "text",
        "id": "social_instagram",
        "label": "Instagram",
        "info": "https://instagram.com/yourusername"
      },
      {
        "type": "text",
        "id": "social_twitter",
        "label": "Twitter",
        "info": "https://twitter.com/yourusername"
      }
    ]
  },
  {
    "name": "Cart",
    "settings": [
      {
        "type": "checkbox",
        "id": "cart_notes_enable",
        "label": "Enable cart notes",
        "default": true
      }
    ]
  }
]
